<?xml version="1.0" encoding="UTF-8"?>
<jcr:root xmlns:sling="http://sling.apache.org/jcr/sling/1.0" xmlns:cq="http://www.day.com/jcr/cq/1.0" xmlns:jcr="http://www.jcp.org/jcr/1.0" xmlns:nt="http://www.jcp.org/jcr/nt/1.0"
    jcr:primaryType="cq:Page">
    <jcr:content
        cq:designPath="/etc/designs/aem-example"
        cq:lastModified="{Date}2017-06-29T03:24:00.891+05:30"
        cq:lastModifiedBy="admin"
        cq:tags="[properties:style/color]"
        cq:template="/apps/aem-example/templates/homepage"
        jcr:primaryType="cq:PageContent"
        jcr:title="Home"
        sling:resourceType="aem-example/components/homepage"
        pageTitle="AEM - Example">
        <par
            jcr:primaryType="nt:unstructured"
            sling:resourceType="foundation/components/parsys">
            <image
                jcr:created="{Date}2017-06-28T23:53:14.717+05:30"
                jcr:createdBy="admin"
                jcr:lastModified="{Date}2017-06-29T01:09:32.939+05:30"
                jcr:lastModifiedBy="admin"
                jcr:primaryType="nt:unstructured"
                sling:resourceType="aem-example/components/image"
                fileReference="/content/dam/home/engine.jpg"
                height="300"
                imageMap="\[circle(22,11,11)||&quot;Test&quot;][rect(370,29,641,86)||&quot;New Engine&quot;][rect(492,63,494,64)||&quot;Testing&quot;][rect(523,75,524,76)||]"
                imageRotate="0"
                width="800">
                <file/>
            </image>
            <download
                jcr:created="{Date}2017-06-29T01:21:15.981+05:30"
                jcr:createdBy="admin"
                jcr:description="AEM-Statement"
                jcr:lastModified="{Date}2017-06-29T01:22:23.784+05:30"
                jcr:lastModifiedBy="admin"
                jcr:primaryType="nt:unstructured"
                sling:resourceType="foundation/components/download"
                fileName="AEM - HD.ca-Backend-Dev-Excercise.pdf">
                <file/>
            </download>
        </par>
        <lead
            jcr:description="High Performance Creates What"
            jcr:lastModified="{Date}2017-06-29T03:24:00.775+05:30"
            jcr:lastModifiedBy="admin"
            jcr:primaryType="nt:unstructured"
            jcr:title="ENGINEERED FOR EXCELLENCE"
            sling:resourceType="aem-example/components/lead"
            text="Lead Text"
            title="Lead Title">
            <cq:annotations jcr:primaryType="nt:unstructured"/>
        </lead>
        <image
            jcr:lastModified="{Date}2010-10-27T15:30:59.216-04:00"
            jcr:lastModifiedBy="admin"
            jcr:primaryType="nt:unstructured"
            imageRotate="0"/>
        <rightpar
            jcr:primaryType="nt:unstructured"
            sling:resourceType="foundation/components/parsys"/>
    </jcr:content>
</jcr:root>
