<?xml version="1.0" encoding="UTF-8"?>
<jcr:root xmlns:sling="http://sling.apache.org/jcr/sling/1.0" xmlns:jcr="http://www.jcp.org/jcr/1.0" xmlns:nt="http://www.jcp.org/jcr/nt/1.0" xmlns:rep="internal"
    jcr:mixinTypes="[rep:AccessControllable]"
    jcr:primaryType="sling:OrderedFolder"
    jcr:title="User Homes">
    <rep:policy/>
    <engine.jpg/>
    <jcr:content jcr:primaryType="nt:unstructured">
        <folderThumbnail/>
    </jcr:content>
    <AEM_x0020_-_x0020_HD.ca-Backend-Dev-Excercise.pdf/>
    <pdf-sample.pdf/>
    <sample.pdf/>
    <download.jpg/>
</jcr:root>
