<?xml version="1.0" encoding="UTF-8"?>
<jcr:root xmlns:sling="http://sling.apache.org/jcr/sling/1.0" xmlns:cq="http://www.day.com/jcr/cq/1.0" xmlns:jcr="http://www.jcp.org/jcr/1.0" xmlns:nt="http://www.jcp.org/jcr/nt/1.0"
    jcr:primaryType="cq:Page">
    <jcr:content
        cq:doctype="html_5"
        cq:lastModified="{Date}2011-09-26T23:42:43.050+02:00"
        cq:lastModifiedBy="admin"
        jcr:primaryType="nt:unstructured"
        jcr:title="Design"
        sling:resourceType="wcm/core/components/designer">
        <homepage jcr:primaryType="nt:unstructured">
            <par
                jcr:lastModified="{Date}2011-01-25T11:28:02.432+01:00"
                jcr:lastModifiedBy="admin"
                jcr:primaryType="nt:unstructured"
                sling:resourceType="foundation/components/parsys"
                components="[/libs/foundation/components/download,/libs/foundation/components/image,/libs/foundation/components/mvt,/libs/foundation/components/table,/libs/foundation/components/textimage,/libs/foundation/components/parsys/colctrl,/libs/foundation/components/text]">
                <section
                    jcr:primaryType="nt:unstructured"
                    div.padding="0"/>
                <colctrl
                    jcr:primaryType="nt:unstructured"
                    sling:resourceType="foundation/components/parsys/colctrl"
                    layouts="2;cq-colctrl-lt0&#x9;2 Columns (50%, 50%)&#xa;"/>
            </par>
            <rightpar
                jcr:lastModified="{Date}2010-08-23T22:57:55.661+02:00"
                jcr:lastModifiedBy="admin"
                jcr:primaryType="nt:unstructured"
                sling:resourceType="foundation/components/parsys"
                components="[/libs/foundation/components/list,/apps/aem-example/components/title,/libs/cq/personalization/components/teaser]">
                <section jcr:primaryType="nt:unstructured"/>
            </rightpar>
        </homepage>
    </jcr:content>
    <clientlibs/>
    <images/>
</jcr:root>
